age_scaled,income_scaled,target
-1.0095575159281531,-0.8735706972682653,0
-0.47112684076647143,-0.5940280741424204,0
1.1441651847185734,1.0832276646126489,1
0.0673038343952102,-0.03494282789073061,1
1.6825958598802553,1.9218555339901835,1
-1.332615921025162,-1.1531133203941102,0
0.6057345095568919,0.3843711067980367,1
-0.6864991108311441,-0.7337993857053429,0
